id;name;description
1;Cambridgeshire payment Baby;../fake-data/blob/hipster.txt
2;solutions Frozen Grenada;../fake-data/blob/hipster.txt
3;copying;../fake-data/blob/hipster.txt
4;payment back-end;../fake-data/blob/hipster.txt
5;Platinum Pound;../fake-data/blob/hipster.txt
6;matrix;../fake-data/blob/hipster.txt
7;B2C Program;../fake-data/blob/hipster.txt
8;Customer withdrawal;../fake-data/blob/hipster.txt
9;hacking deploy;../fake-data/blob/hipster.txt
10;Analyst Brook;../fake-data/blob/hipster.txt
